{
  "project_info": {
    "project_number": "562286136174",
    "firebase_url": "https://food-mlkit.firebaseio.com",
    "project_id": "food-mlkit",
    "storage_bucket": "food-mlkit.appspot.com"
  },
  "client": [
    {
      "client_info": {
        "mobilesdk_app_id": "1:562286136174:android:d7e81c0007793e34",
        "android_client_info": {
          "package_name": "com.google.firebase.codelab.image_labeling"
        }
      },
      "oauth_client": [
        {
          "client_id": "562286136174-o8tv550ctjj8n4fus7esiqi3h59dm1tb.apps.googleusercontent.com",
          "client_type": 1,
          "android_info": {
            "package_name": "com.google.firebase.codelab.image_labeling",
            "certificate_hash": "6e81458903d6a1a935346a66f47340f8fdf72e0c"
          }
        },
        {
          "client_id": "562286136174-vkhq8tcjnv9img0dqotiq818ao3upc8t.apps.googleusercontent.com",
          "client_type": 1,
          "android_info": {
            "package_name": "com.google.firebase.codelab.image_labeling",
            "certificate_hash": "a78dd6e4aa3e7069d0bd18e6730041e1d78fa913"
          }
        },
        {
          "client_id": "562286136174-to4474v5pa15jk75pd6e9a614irtangu.apps.googleusercontent.com",
          "client_type": 1,
          "android_info": {
            "package_name": "com.google.firebase.codelab.image_labeling",
            "certificate_hash": "54430f2552677f0c98a4636dce4528f14b554aa9"
          }
        },
        {
          "client_id": "562286136174-755e53h1tk1te2dep1pmhp0v1c239bg7.apps.googleusercontent.com",
          "client_type": 3
        }
      ],
      "api_key": [
        {
          "current_key": "AIzaSyBa4HCnuqMcBvpsSV2V6zK56uT20VUT5MI"
        }
      ],
      "services": {
        "appinvite_service": {
          "other_platform_oauth_client": [
            {
              "client_id": "562286136174-755e53h1tk1te2dep1pmhp0v1c239bg7.apps.googleusercontent.com",
              "client_type": 3
            }
          ]
        }
      }
    }
  ],
  "configuration_version": "1"
}